step,iou,f1score,precision,recall
2300.0,56.699999999999996,73.4,76.1,73.6
2300.0,54.800000000000004,71.1,73.4,71.39999999999999
2300.0,53.5,70.7,73.1,71.0
2300.0,49.7,69.39999999999999,71.8,70.1
2400.0,37.5,60.0,61.1,62.0
