step,iou,f1score,precision,recall
198.0,0.6722498740554156,0.8053010075566762,0.8281790931989929,0.7999178841309833
198.0,0.6266186397984891,0.7684068010075564,0.7943231738035268,0.7658939546599502
198.0,0.5950841309823676,0.7519798488664989,0.7758193954659948,0.7498000000000001
198.0,0.4383914357682621,0.5591801007556677,0.6500808564231733,0.6223745591939547
198.0,0.2660692695214105,0.5492080604534004,0.6147476070528965,0.5845231738035265
