step,iou,f1score,precision,recall
9800.0,71.5,84.2,85.0,83.89999999999999
39800.0,69.39999999999999,82.8,84.0,82.6
9800.0,65.3,79.9,81.8,79.80000000000001
9800.0,48.699999999999996,68.0,69.3,69.69999999999999
9900.0,44.5,64.8,65.4,66.0
