step,iou,f1score,precision,recall
398.0,0.7160989962358846,0.8398225846925984,0.8477973651191973,0.8382707653701384
398.0,0.6868809284818074,0.8246362609786696,0.8343870765370139,0.8220337515683815
398.0,0.6776276035131744,0.8175222082810537,0.8285498117942285,0.8154646173149307
398.0,0.6404888331242159,0.7932900878293597,0.8103239648682555,0.7907730238393978
398.0,0.3138222082810538,0.5765923462986204,0.6119599749058968,0.5999752823086585
