step,iou,f1score,precision,recall
9800.0,68.8,82.8,83.8,82.5
39800.0,68.7,82.5,83.39999999999999,82.19999999999999
9800.0,68.30000000000001,82.39999999999999,83.0,82.19999999999999
9800.0,68.0,81.89999999999999,82.89999999999999,81.89999999999999
9900.0,44.9,65.10000000000001,65.7,66.4
