step,iou,f1score,precision,recall
398.0,0.7113986198243417,0.8324799247176915,0.8416132998745294,0.8319708908406528
398.0,0.6944346298619828,0.8282018820577157,0.8395966122961102,0.8255818067754074
398.0,0.666265621079047,0.7973597239648668,0.8128914680050181,0.797239774153074
398.0,0.40324567126725175,0.6318111668757839,0.650524341279799,0.6469367628607274
398.0,0.3009941028858217,0.537577289836888,0.5560382685069003,0.5550166875784187
