step,iou,f1score,precision,recall
78.0,0.6083802547770703,0.768028025477707,0.7983426751592352,0.7670802547770702
78.0,0.603663057324841,0.768916560509554,0.8019261146496817,0.7675025477707006
78.0,0.5186229299363059,0.7049745222929936,0.7436509554140129,0.7115815286624204
78.0,0.4728974522292996,0.6552904458598724,0.6564636942675158,0.6730605095541399
78.0,0.08943821656050953,0.4329662420382165,0.6241783439490444,0.5348305732484075
