step,iou,f1score,precision,recall
78.0,0.4690605095541402,0.6487197452229301,0.7015828025477708,0.6615363057324839
78.0,0.4690605095541402,0.6487197452229301,0.7015828025477708,0.6615363057324839
78.0,0.4690605095541402,0.6487197452229301,0.7015828025477708,0.6615363057324839
78.0,0.4690605095541402,0.6487197452229301,0.7015828025477708,0.6615363057324839
78.0,0.4690605095541402,0.6487197452229301,0.7015828025477708,0.6615363057324839
